<?xml version="1.0" encoding="UTF-8"?>
<!DOCTYPE sqlMap      
    PUBLIC "-//ibatis.apache.org//DTD SQL Map 2.0//EN"      
    "http://ibatis.apache.org/dtd/sql-map-2.dtd">

<sqlMap namespace="Member">
	<typeAlias alias="Member" type="buddy.domain.Member" />

	<delete id="delete" parameterClass="String">
		delete from member where id = #id#
	</delete>

	<insert id="add" parameterClass="Member">
		insert into member (id, pass, name, phone, email) values(#id#, #pass#, #name#, #phone#, #email#)
 	</insert>
 	
	<update id="update" parameterClass="Member">
		update member set pass = #pass#, name = #name#, phone = #phone#, email = #email# where id = #id#
	</update>
 	
	<select id="get" parameterClass="String" resultClass="Member">
		select * from member where id = #id#
 	</select>

	<select id="list" resultClass="Member">
		select * from member order by id
 	</select>
</sqlMap>

